{
  "config": {
    "steps": 30,
    "per_step": 256,
    "window": 512,
    "stride": 256,
    "acc_drop": 0.05
  },
  "lighting": {
    "clean_acc": 0.9453125,
    "fail_step": 8,
    "accs": [
      0.9453125,
      0.9375,
      0.9453125,
      0.94140625,
      0.9453125,
      0.94140625,
      0.94140625,
      0.90625,
      0.78125,
      0.5078125,
      0.3359375,
      0.33203125,
      0.33203125,
      0.33203125,
      0.33203125,
      0.33203125,
      0.33203125,
      0.33203125,
      0.33203125,
      0.33203125,
      0.33203125,
      0.33203125,
      0.33203125,
      0.33203125,
      0.33203125,
      0.33203125,
      0.33203125,
      0.33203125,
      0.33203125,
      0.33203125,
      0.33203125
    ],
    "severities": [
      0.0,
      0.0333,
      0.0667,
      0.1,
      0.1333,
      0.1667,
      0.2,
      0.2333,
      0.2667,
      0.3,
      0.3333,
      0.3667,
      0.4,
      0.4333,
      0.4667,
      0.5,
      0.5333,
      0.5667,
      0.6,
      0.6333,
      0.6667,
      0.7,
      0.7333,
      0.7667,
      0.8,
      0.8333,
      0.8667,
      0.9,
      0.9333,
      0.9667,
      1.0
    ],
    "alarms": {
      "msp": {
        "ks": 7,
        "cusum": 8
      },
      "entropy": {
        "ks": 4,
        "cusum": 9
      },
      "gradnorm": {
        "ks": 3,
        "cusum": 3
      },
      "egn_batch": {
        "ks": 2,
        "cusum": 3
      }
    }
  },
  "blur": {
    "clean_acc": 0.9453125,
    "fail_step": 2,
    "accs": [
      0.9453125,
      0.8984375,
      0.81640625,
      0.82421875,
      0.828125,
      0.7265625,
      0.76953125,
      0.63671875,
      0.6640625,
      0.60546875,
      0.5703125,
      0.53515625,
      0.5390625,
      0.484375,
      0.4921875,
      0.4453125,
      0.4375,
      0.4453125,
      0.40234375,
      0.3984375,
      0.41796875,
      0.36328125,
      0.39453125,
      0.3671875,
      0.3671875,
      0.3515625,
      0.359375,
      0.35546875,
      0.34765625,
      0.34375,
      0.34375
    ],
    "severities": [
      0.0,
      0.0333,
      0.0667,
      0.1,
      0.1333,
      0.1667,
      0.2,
      0.2333,
      0.2667,
      0.3,
      0.3333,
      0.3667,
      0.4,
      0.4333,
      0.4667,
      0.5,
      0.5333,
      0.5667,
      0.6,
      0.6333,
      0.6667,
      0.7,
      0.7333,
      0.7667,
      0.8,
      0.8333,
      0.8667,
      0.9,
      0.9333,
      0.9667,
      1.0
    ],
    "alarms": {
      "msp": {
        "ks": 3,
        "cusum": 3
      },
      "entropy": {
        "ks": 3,
        "cusum": 2
      },
      "gradnorm": {
        "ks": 2,
        "cusum": 2
      },
      "egn_batch": {
        "ks": 2,
        "cusum": 5
      }
    }
  },
  "dust": {
    "clean_acc": 0.9453125,
    "fail_step": 4,
    "accs": [
      0.9453125,
      0.953125,
      0.94140625,
      0.9453125,
      0.8828125,
      0.8125,
      0.5546875,
      0.37890625,
      0.33203125,
      0.33203125,
      0.33203125,
      0.33203125,
      0.33203125,
      0.33203125,
      0.33203125,
      0.33203125,
      0.33203125,
      0.33203125,
      0.33203125,
      0.33203125,
      0.33203125,
      0.33203125,
      0.33203125,
      0.33203125,
      0.33203125,
      0.33203125,
      0.33203125,
      0.33203125,
      0.33203125,
      0.33203125,
      0.33203125
    ],
    "severities": [
      0.0,
      0.0333,
      0.0667,
      0.1,
      0.1333,
      0.1667,
      0.2,
      0.2333,
      0.2667,
      0.3,
      0.3333,
      0.3667,
      0.4,
      0.4333,
      0.4667,
      0.5,
      0.5333,
      0.5667,
      0.6,
      0.6333,
      0.6667,
      0.7,
      0.7333,
      0.7667,
      0.8,
      0.8333,
      0.8667,
      0.9,
      0.9333,
      0.9667,
      1.0
    ],
    "alarms": {
      "msp": {
        "ks": 4,
        "cusum": 5
      },
      "entropy": {
        "ks": 4,
        "cusum": 6
      },
      "gradnorm": {
        "ks": 2,
        "cusum": 3
      },
      "egn_batch": {
        "ks": 2,
        "cusum": 3
      }
    }
  },
  "colortemp": {
    "clean_acc": 0.9453125,
    "fail_step": 19,
    "accs": [
      0.9453125,
      0.9453125,
      0.94140625,
      0.9375,
      0.93359375,
      0.94140625,
      0.9375,
      0.9375,
      0.93359375,
      0.93359375,
      0.93359375,
      0.9296875,
      0.9296875,
      0.9296875,
      0.92578125,
      0.921875,
      0.921875,
      0.91015625,
      0.90234375,
      0.8828125,
      0.875,
      0.85546875,
      0.84375,
      0.81640625,
      0.796875,
      0.7734375,
      0.73828125,
      0.6953125,
      0.65234375,
      0.6171875,
      0.5859375
    ],
    "severities": [
      0.0,
      0.0333,
      0.0667,
      0.1,
      0.1333,
      0.1667,
      0.2,
      0.2333,
      0.2667,
      0.3,
      0.3333,
      0.3667,
      0.4,
      0.4333,
      0.4667,
      0.5,
      0.5333,
      0.5667,
      0.6,
      0.6333,
      0.6667,
      0.7,
      0.7333,
      0.7667,
      0.8,
      0.8333,
      0.8667,
      0.9,
      0.9333,
      0.9667,
      1.0
    ],
    "alarms": {
      "msp": {
        "ks": 12,
        "cusum": 17
      },
      "entropy": {
        "ks": 12,
        "cusum": 16
      },
      "gradnorm": {
        "ks": 8,
        "cusum": 23
      },
      "egn_batch": {
        "ks": 18,
        "cusum": 16
      }
    }
  },
  "clean_false_alarm_windows": {
    "msp": 5,
    "entropy": 0,
    "gradnorm": 0,
    "egn_batch": 9
  },
  "ablation_dust": {
    "loss:entropy_T1": {
      "alarm": {
        "ks": 2,
        "cusum": 3
      },
      "clean_fa_windows": 9
    },
    "loss:uniform_T1": {
      "alarm": {
        "ks": 2,
        "cusum": 3
      },
      "clean_fa_windows": 0
    },
    "loss:pseudo_T1": {
      "alarm": {
        "ks": 3,
        "cusum": 5
      },
      "clean_fa_windows": 0
    },
    "loss:entropy_T2": {
      "alarm": {
        "ks": 2,
        "cusum": 3
      },
      "clean_fa_windows": 0
    },
    "loss:entropy_T10": {
      "alarm": {
        "ks": 2,
        "cusum": 4
      },
      "clean_fa_windows": 0
    },
    "agg:median": {
      "alarm": {
        "ks": 2,
        "cusum": 2
      },
      "clean_fa_windows": 0
    },
    "agg:p10": {
      "alarm": {
        "ks": 2,
        "cusum": 7
      },
      "clean_fa_windows": 8
    },
    "batch:128": {
      "alarm": {
        "ks": 1,
        "cusum": 3
      },
      "clean_fa_windows": 9
    },
    "batch:512": {
      "alarm": {
        "ks": 3,
        "cusum": 11
      },
      "clean_fa_windows": 2
    },
    "params:lastblock": {
      "alarm": {
        "ks": 2,
        "cusum": 2
      },
      "clean_fa_windows": 8
    }
  }
}